{
    "CLASS_NAME": "LightSource",
    "name": "Soleil - HU256",
    "electron_beam": {
        "CLASS_NAME": "ElectronBeam",
        "energy_in_GeV": 2.75,
        "energy_spread": 0.0010249999999999999,
        "current": 0.5,
        "number_of_bunches": 1,
        "moment_xx": 4.6852845621039603e-08,
        "moment_xxp": 5.824725554455448e-10,
        "moment_xpxp": 9.230023185984183e-10,
        "moment_yy": 1.0769912506188119e-10,
        "moment_yyp": 1.532190829207921e-11,
        "moment_ypyp": 2.0358804125141433e-11,
        "e_x": 0.00021645518155276303,
        "e_y": 1.0377818897142173e-05,
        "e_xp": 3.038095322070093e-05,
        "e_yp": 4.5120731515725046e-06
    },
    "magnetic_structure": {
        "B_vertical": null,
        "B_horizontal": null,
        "centre": 0.8945000000000061,
        "K_vertical": null,
        "B_vertical_phase": 0,
        "B_vertical_symmetry": -1,
        "K_horizontal": null,
        "B_horizontal_phase": 0,
        "B_horizontal_symmetry": 1,
        "harmonic": 1,
        "period_length": 0.256,
        "number_of_periods": 12,
        "CLASS_NAME": "Undulator"
    }
}